{
    "data_model": "gaussian",
    "data_params": {
        "anomaly_ratio": 0.01,
        "data_noise": 1.0,
        "one_sided": true,
        "signal_strength": 3.0,
        "size": 2000
    },
    "delta": 0.99,
    "fdr_targets": [
        0.99,
        0.9801,
        0.9702,
        0.9603,
        0.9504,
        0.9405,
        0.9306,
        0.9207,
        0.9108,
        0.9009,
        0.891,
        0.8811,
        0.8712,
        0.8613,
        0.8513999999999999,
        0.8415,
        0.8316,
        0.8217,
        0.8118000000000001,
        0.8019000000000001,
        0.792,
        0.7821,
        0.7722,
        0.7623,
        0.7524,
        0.7425,
        0.7326,
        0.7227,
        0.7128,
        0.7029000000000001,
        0.6930000000000001,
        0.6831,
        0.6732,
        0.6633,
        0.6534,
        0.6435,
        0.6336,
        0.6237,
        0.6138,
        0.6039000000000001,
        0.5940000000000001,
        0.5841000000000001,
        0.5742,
        0.5643,
        0.5544,
        0.5445,
        0.5346,
        0.5247,
        0.5148,
        0.5049,
        0.49500000000000005,
        0.4851000000000001,
        0.47520000000000007,
        0.46530000000000005,
        0.4554,
        0.4455,
        0.4356,
        0.4257000000000001,
        0.41580000000000006,
        0.40590000000000004,
        0.396,
        0.3861,
        0.3762000000000001,
        0.36630000000000007,
        0.35640000000000005,
        0.34650000000000003,
        0.3366,
        0.3267000000000001,
        0.3168000000000001,
        0.30690000000000006,
        0.29700000000000004,
        0.2871,
        0.2772000000000001,
        0.2673000000000001,
        0.2574000000000001,
        0.24750000000000005,
        0.23760000000000003,
        0.2277,
        0.2178000000000001,
        0.20790000000000008,
        0.19800000000000006,
        0.18810000000000004,
        0.17820000000000003,
        0.16830000000000012,
        0.1584000000000001,
        0.14850000000000008,
        0.13860000000000006,
        0.12870000000000004,
        0.11880000000000002,
        0.10890000000000011,
        0.09900000000000009,
        0.08910000000000007,
        0.07920000000000005,
        0.06930000000000003,
        0.05940000000000012,
        0.0495000000000001,
        0.03960000000000008,
        0.02970000000000006,
        0.01980000000000004,
        0.009900000000000131
    ],
    "filter_params": {
        "ADDISFilter": {
            "candidacy_threshold": 0.25,
            "discarding_threshold": 0.5,
            "eta": 1.0,
            "gamma_exponent": 1.6,
            "gamma_size": 200
        },
        "DecayLORDFilter": {
            "delta": 0.99,
            "eta": 1.0,
            "gamma_size": 200
        },
        "DecaySAFFRONFilter": {
            "candidacy_threshold": 0.5,
            "delta": 0.99,
            "eta": 1.0,
            "gamma_exponent": 1.6,
            "gamma_size": 200
        },
        "LORDFilter": {
            "epsilon_r": 0.0,
            "epsilon_w": 0.0,
            "gamma_size": 200
        },
        "SAFFRONFilter": {
            "candidacy_threshold": 0.5,
            "gamma_exponent": 1.6,
            "gamma_size": 200
        }
    },
    "filters": [
        "LORDFilter",
        "DecayLORDFilter",
        "SAFFRONFilter",
        "DecaySAFFRONFilter",
        "ADDISFilter"
    ],
    "fixed_thresholds": [
        0.1,
        0.09111627561154892,
        0.08302175681319744,
        0.07564633275546291,
        0.06892612104349699,
        0.06280291441834253,
        0.05722367659350217,
        0.052140082879996844,
        0.047508101621027955,
        0.04328761281083057,
        0.03944206059437656,
        0.03593813663804628,
        0.03274549162877728,
        0.029836472402833387,
        0.027185882427329403,
        0.024770763559917114,
        0.02257019719633919,
        0.020565123083486514,
        0.01873817422860384,
        0.017073526474706904,
        0.015556761439304715,
        0.014174741629268049,
        0.01291549665014884,
        0.011768119524349979,
        0.010722672220103232,
        0.009770099572992247,
        0.008902150854450383,
        0.008111308307896872,
        0.007390722033525776,
        0.006734150657750821,
        0.006135907273413176,
        0.005590810182512223,
        0.005094138014816375,
        0.004641588833612777,
        0.0042292428743894986,
        0.0038535285937105275,
        0.003511191734215131,
        0.0031992671377973846,
        0.002915053062825176,
        0.002656087782946684,
        0.002420128264794381,
        0.0022051307399030455,
        0.002009233002565046,
        0.0018307382802953678,
        0.0016681005372000592,
        0.0015199110829529332,
        0.0013848863713938717,
        0.0012618568830660198,
        0.0011497569953977356,
        0.0010476157527896642,
        0.0009545484566618337,
        0.0008697490026177826,
        0.0007924828983539169,
        0.0007220809018385464,
        0.0006579332246575676,
        0.0005994842503189409,
        0.0005462277217684337,
        0.0004977023564332109,
        0.00045348785081285824,
        0.00041320124001153346,
        0.00037649358067924675,
        0.0003430469286314916,
        0.00031257158496882353,
        0.0002848035868435799,
        0.0002595024211399735,
        0.00023644894126454073,
        0.00021544346900318823,
        0.00019630406500402705,
        0.00017886495290574334,
        0.00016297508346206434,
        0.00014849682622544635,
        0.0001353047774579806,
        0.0001232846739442066,
        0.00011233240329780266,
        0.00010235310218990258,
        9.32603346883218e-05,
        8.497534359086438e-05,
        7.742636826811278e-05,
        7.05480231071863e-05,
        6.428073117284319e-05,
        5.857020818056661e-05,
        5.3366992312063015e-05,
        4.8626015800653536e-05,
        4.430621457583878e-05,
        4.03701725859655e-05,
        3.678379771828634e-05,
        3.351602650938841e-05,
        3.053855508833412e-05,
        2.782559402207126e-05,
        2.5353644939701063e-05,
        2.310129700083158e-05,
        2.104904144512022e-05,
        1.9179102616724848e-05,
        1.747528400007683e-05,
        1.5922827933410907e-05,
        1.4508287784959372e-05,
        1.3219411484660286e-05,
        1.2045035402587812e-05,
        1.0974987654930546e-05,
        1e-05
    ],
    "gamma_size": 200,
    "repeat": 100
}